Reviewer Name,Stars,Review Title,Review,Review Date,Verified Purchase,Helpful Votes
Unknown,Unknown,Unknown,Unknown,Unknown,No,0
Unknown,Unknown,Unknown,Unknown,Unknown,No,0
Unknown,4.5 out of 5 stars,Unknown,Unknown,Unknown,No,0
Unknown,4.5 out of 5 stars,Unknown,Unknown,Unknown,No,0
Unknown,Unknown,Unknown,Unknown,Unknown,No,0
Ankit Mehta,5.0 out of 5 stars,Unknown,Unknown,Unknown,No,0
Ankit Mehta,5.0 out of 5 stars,Unknown,Unknown,Unknown,No,0
Unknown,Unknown,Unknown,Unknown,Unknown,No,0
Unknown,Unknown,Unknown,Unknown,Unknown,No,0
Ankit Mehta,5.0 out of 5 stars,"5.0 out of 5 stars
Price range, decentüì±",So lightweight. battery life is good .better sound quality.  with dynamic island .Charging speed fast.,Reviewed in India on 22 January 2025,Verified Purchase,10 people found this helpful
Ankit Mehta,5.0 out of 5 stars,"5.0 out of 5 stars
Price range, decentüì±",So lightweight. battery life is good .better sound quality.  with dynamic island .Charging speed fast.,Reviewed in India on 22 January 2025,Verified Purchase,10 people found this helpful
HINDUSTAN ELECTRICALS,5.0 out of 5 stars,"5.0 out of 5 stars
iPhone 15 A solid upgrade and value for money","DesignOne of the most noticeable changes to the iPhone 15 is its new design. The phone now has rounded edges, which makes it feel more comfortable in the hand. It also has a new camera bump that is less pronounced than the one on the iPhone 14. DisplayThe iPhone 15 has the same 6.1-inch Super Retina XDR display as the iPhone 14. However, the new display is brighter and has better contrast. It also supports HDR10 and Dolby Vision.PerformanceThe iPhone 15 is powered by the new A16 Bionic chip, which is the fastest mobile chip on the market. The A16 Bionic chip is up to 20% faster than the A15 Bionic chip in the iPhone 14.CameraThe iPhone 15 has a new 48-megapixel main camera. The new camera sensor is larger than the one in the iPhone 14, and it has better low-light performance. The iPhone 15 also has a new 12-megapixel ultrawide camera and a new 12-megapixel telephoto camera.Battery lifeThe iPhone 15 has the same battery life as the iPhone 14. This means that you can expect to get around a day of use on a single charge.  Overall  The iPhone 15 is a solid upgrade over the iPhone 14.ProsNew design with rounded edgesMore powerful A16 Bionic chip found in 14 proNew 48-megapixel main cameraBrighter display with upto 2000 nits brightnessUSB C can be used for anythingDynamic IslandCons No 120hz display No Macro photography",Reviewed in India on 6 October 2023,Verified Purchase,310 people found this helpful
Munish Sharma,5.0 out of 5 stars,"5.0 out of 5 stars
Value for money at 54k",Good and improved device with latest features sound quality is awesome,Reviewed in India on 28 January 2025,Verified Purchase,6 people found this helpful
Pradeep,4.0 out of 5 stars,"4.0 out of 5 stars
Camera",Good phoneBut camera is not good.,Reviewed in India on 10 February 2025,Verified Purchase,0
Kindle Customer,5.0 out of 5 stars,"5.0 out of 5 stars
Camera is best",Sexy phone.,Reviewed in India on 5 February 2025,Verified Purchase,0
Sandy Cariappa,5.0 out of 5 stars,"5.0 out of 5 stars
iPhone XR to iPhone 15","Just made the transition and here‚Äôs my POV on the first ~2 month of usePros- Battery Life is awesome, easily get about a day plus on this, so no Compliants- Screen fluidity is smooooooth! Understandable as I‚Äôm transitioning into an OLED from LCD in XR. The panel gets a solid peak brightness quotient so happy here- Screen brightness is good as compared to XR, 2200 nits, but I hardly go beyond 30% brightness to save some juice. Whilst outside I did crank it up and it‚Äôs spotless- Dynamic Island is fun, yet to use it to the fullest. Like the way it shows the ETA on delivery and Uber. Simple solution instead of you having to get into the app to check on the ETA- Weight, this phone is soo bloody light!! Understandable as XR was a brick, this is soo welcome- Camera is awesome, love the 48MP intervention, the portrait mode and cinematic mode does the job for me.- The Apple eco system, I enjoy seamless integration of my Watch, Mac, IPad Air and IPhone- Apples approach on Security!- Transferring data from my XR to 15 using the built in app is flawlessCons- The phone was over heating , there is a solution to this from Apple = back up the phone and then erase and reset the phone‚Ä¶ including your eSIM settings.. once done set up the phone with the back up‚Ä¶.. works like a charm- I still believe Apple should have thrown in a charging brick with such purchasesIndustry memes- USB C : honestly don‚Äôt give a jack for the reviews out there on this. It‚Äôs just a mode of charging for me and that‚Äôs it. I‚Äôm not going to be transferring any data so yea, 2.0 speed yadadada - thank you so much- Blue is not blue but white! Think people whining about this should go back to 13/14 or those ludicrous blues in Androids!! These are pestle shades people!!- Buying an Apple product to show off!! I mean, you even serious? You buy a product and then comment on why you should not buy one?- 60hz refresh rate for a 80k phone : save your jokes people, there are many of us who appreciate quality and security than how the screen refreshes. For non gamers like me, panel that is here is apt. I‚Äôve seen a ton of folks buying 120hz phones and using it only to make calls, watch some videos and for textingTips of managing battery health- Switch off background app refresh for apps you don‚Äôt need back ground refresh- Avoid wireless charging as this heats your devise up- I charge my phone only using a power bank  not direct wired or wireless charging- Don‚Äôt let the battery go below 20%, keep it always between 95% and 20%- Switch off location services and allow only certain app that needs your location service- Switch on Charging Optimisation under the battery section- I don‚Äôt use vibrate mode for rings/incoming calls etc- My XR after 5 years of use has 86% battery health so I guess I know what I‚Äôm recommending aboveVendor Experience : Appario Retail Private Limited. 5/5, been a regular customer and they have never disappointed me even once. The purchase experience is breezy and quick, thanks team for the support and look forward to the collaboration in the future.‚Ä¶.. watch out for this space. Will keep updating in case of significant change in experience",Reviewed in India on 7 October 2023,Verified Purchase,758 people found this helpful
Akshith,5.0 out of 5 stars,"5.0 out of 5 stars
Sleek design","Just as good as always, better and improved. Especially this black colour looks dope",Reviewed in India on 7 February 2025,Verified Purchase,One person found this helpful
rishi k.,5.0 out of 5 stars,"5.0 out of 5 stars
Unbeatable IPhone",It‚Äôs an amazing product iphone 15 bought for my son his very first iPhone he is loving it ..super phone,Reviewed in India on 3 February 2025,Verified Purchase,4 people found this helpful
Syed siddiq,4.0 out of 5 stars,"4.0 out of 5 stars
iPhone 15 128 2024 dec manufacture","I bought for 52,499 rs with exchanging my oneoplus nord CE 2 5g phone the price of iPhone 15 when I purchase is 57‚Äô499 rs I got 5000 exchange value . I am writing this review after 4 days Camera : 5/4 Speaker : 5/5 battery : 5/4 build quality : 5/5 Performance: 5/4.5 . Charger bought for 1399rs with phone paid extra 240 rs for express delivery in Flipkart gadgets are free of cost express delivery also they do open box delivery but Amazon doesn‚Äôt have open box delivery change ur system .",Reviewed in India on 18 January 2025,Verified Purchase,5 people found this helpful
Rajesh shukla,5.0 out of 5 stars,"5.0 out of 5 stars
Dual e sim","Dual e sim is a good option. However, inspite of repeated efforts the banks (HDFC/SBI) have not recognised these sims yet and I am not able to transact online.But for the above, it‚Äôs a big thumbs up for the phone. It‚Äôs light & fast. I am told once the banks are connected, it‚Äôs very secure transacting online",Reviewed in India on 13 February 2025,Verified Purchase,0
Unknown,Unknown,Unknown,Unknown,Unknown,No,0
Unknown,Unknown,Unknown,Unknown,Unknown,No,0
Unknown,Unknown,Unknown,Unknown,Unknown,No,0
Unknown,Unknown,Unknown,Unknown,Unknown,No,0
Unknown,Unknown,Unknown,Unknown,Unknown,No,0
Unknown,4.5 out of 5 stars,Unknown,Unknown,Unknown,No,0
Unknown,4.5 out of 5 stars,Unknown,Unknown,Unknown,No,0
Unknown,Unknown,Unknown,Unknown,Unknown,No,0
Ankit Mehta,5.0 out of 5 stars,Unknown,Unknown,Unknown,No,0
Ankit Mehta,5.0 out of 5 stars,Unknown,Unknown,Unknown,No,0
Unknown,Unknown,Unknown,Unknown,Unknown,No,0
Unknown,Unknown,Unknown,Unknown,Unknown,No,0
Sandeep Shakya,4.0 out of 5 stars,"4.0 out of 5 stars
Best Iphone slimmest cover","You will not fill like your phone is wearing cover, work with wireless charging. When I remove it multiple times for cleaning border get removed which I restick.-",Reviewed in India on 20 January 2025,Verified Purchase,2 people found this helpful
Sandeep Shakya,4.0 out of 5 stars,"4.0 out of 5 stars
Best Iphone slimmest cover","You will not fill like your phone is wearing cover, work with wireless charging. When I remove it multiple times for cleaning border get removed which I restick.-",Reviewed in India on 20 January 2025,Verified Purchase,0
Prashant Kothari,4.0 out of 5 stars,"4.0 out of 5 stars
I phn","Next day delivery by Amazon ,looks good all over but camera is just okie.",Reviewed in India on 15 January 2025,Verified Purchase,2 people found this helpful
Sandeep,5.0 out of 5 stars,"5.0 out of 5 stars
Nice phone",Nice phone,Reviewed in India on 12 February 2025,Verified Purchase,0
Abhishek Sahoo,5.0 out of 5 stars,"5.0 out of 5 stars
Wow","I used 13 and 14 plus then i shifted to iPhone 15 rather than 16. I don‚Äôt like the look of 16 much , And i took the best decision.The look is great and the user experience is awesome. As Apple is the best when it comes to smartphone.",Reviewed in India on 16 January 2025,Verified Purchase,0
Akshata,5.0 out of 5 stars,"5.0 out of 5 stars
Very good phone",Got the phone within 4 days.. though delivery date was mentioned to be more than 10 days.,Reviewed in India on 1 February 2025,Verified Purchase,0
Somanath Sagai,4.0 out of 5 stars,"4.0 out of 5 stars
Fest Quality","The video showcases the product in use.The video guides you through product setup.The video compares multiple products.The video shows the product being unpacked.Video Player is loading.Play VideoPlayMuteCurrent Time¬†0:00/Duration¬†0:19Loaded: 15.81%0:00Stream Type¬†LIVESeek to live, currently behind liveLIVERemaining Time¬†-0:19¬†1xPlayback RateChaptersChaptersDescriptionsdescriptions off, selectedCaptionscaptions off, selectedEnglish (Automated)Audio Trackdefault, selectedFullscreenThis is a modal window.


Good Quality and future but some options disadvantage in android it's available but iOS not available üòë",Reviewed in India on 30 January 2025,Verified Purchase,7 people found this helpful
Nand kishor,5.0 out of 5 stars,"5.0 out of 5 stars
Nice",üëç,Reviewed in India on 8 February 2025,Verified Purchase,0
Kuldeep Choudhary,5.0 out of 5 stars,"5.0 out of 5 stars
Nice product thanks for amazon",iPhone 15 Black Very Nice üëåüëåQuality best,Reviewed in India on 5 February 2025,Verified Purchase,0
Pawan kumar,5.0 out of 5 stars,"5.0 out of 5 stars
good",nice,Reviewed in India on 9 February 2025,Verified Purchase,0
Seema,5.0 out of 5 stars,"5.0 out of 5 stars
Amazingggggüíó",Earlier I was sceptical about the product but as I received it was brand new and in perfect condition. Everything about the phone is amazing and camera and sound is top notch ‚ù§Ô∏è,Reviewed in India on 25 January 2025,Verified Purchase,2 people found this helpful
Unknown,Unknown,Unknown,Unknown,Unknown,No,0
Unknown,Unknown,Unknown,Unknown,Unknown,No,0
Unknown,Unknown,Unknown,Unknown,Unknown,No,0
Unknown,Unknown,Unknown,Unknown,Unknown,No,0
Unknown,Unknown,Unknown,Unknown,Unknown,No,0
Unknown,4.5 out of 5 stars,Unknown,Unknown,Unknown,No,0
Unknown,4.5 out of 5 stars,Unknown,Unknown,Unknown,No,0
Unknown,Unknown,Unknown,Unknown,Unknown,No,0
Ankit Mehta,5.0 out of 5 stars,Unknown,Unknown,Unknown,No,0
Ankit Mehta,5.0 out of 5 stars,Unknown,Unknown,Unknown,No,0
Unknown,Unknown,Unknown,Unknown,Unknown,No,0
Unknown,Unknown,Unknown,Unknown,Unknown,No,0
samirsk,5.0 out of 5 stars,"5.0 out of 5 stars
Superb",Exllent experience  smooth and fast battery life very long,Reviewed in India on 4 February 2025,Verified Purchase,One person found this helpful
samirsk,5.0 out of 5 stars,"5.0 out of 5 stars
Superb",Exllent experience  smooth and fast battery life very long,Reviewed in India on 4 February 2025,Verified Purchase,One person found this helpful
Telltale,4.0 out of 5 stars,"4.0 out of 5 stars
Disappointed with its overheating","This purchase seemed a sensible upgrade but it‚Äôs surprising and disappointing that it‚Äôs found to overheat while charging.  I‚Äôm using Apple chargers, always have.  This is not expected from an iPhone.  Found this is a common concern from the Net, too late now.",Reviewed in India on 24 December 2024,Verified Purchase,0
Prateek,5.0 out of 5 stars,"5.0 out of 5 stars
Iphone","It‚Äôs believed iPhone 15 is way everyone is looking,  people buy for enjoyment, but standard is something we wants, iPhones with standard person can win this",Reviewed in India on 19 January 2025,Verified Purchase,0
Madan m.,5.0 out of 5 stars,"5.0 out of 5 stars
Phone",Phone and display quality best,Reviewed in India on 1 February 2025,Verified Purchase,0
M S,5.0 out of 5 stars,"5.0 out of 5 stars
Good product",Good product,Reviewed in India on 29 January 2025,Verified Purchase,0
Amazon Customer,5.0 out of 5 stars,"5.0 out of 5 stars
Bucket list item","Good phone, swift delivery, bought during Republic Day sale.",Reviewed in India on 28 January 2025,Verified Purchase,0
Komal,4.0 out of 5 stars,"4.0 out of 5 stars
Jusstttt awesome üëçüéÄ..",The media could not be loaded.,Reviewed in India on 16 January 2025,Verified Purchase,3 people found this helpful
Sarita singh,5.0 out of 5 stars,"5.0 out of 5 stars
Awesome‚Ä¶","The media could not be loaded.
                



Absolutely new‚Ä¶ n m in love with my iphone‚Ä¶ only problem is is eats a lot of battery‚Ä¶",Reviewed in India on 6 February 2025,Verified Purchase,0
Abhik,5.0 out of 5 stars,"5.0 out of 5 stars
All good",All good,Reviewed in India on 24 January 2025,Verified Purchase,0
GK,5.0 out of 5 stars,"5.0 out of 5 stars
iPhone 15",Very good product,Reviewed in India on 28 January 2025,Verified Purchase,0
Unknown,Unknown,Unknown,Unknown,Unknown,No,0
Unknown,Unknown,Unknown,Unknown,Unknown,No,0
Unknown,Unknown,Unknown,Unknown,Unknown,No,0
Unknown,Previous set of slides,Unknown,Unknown,Unknown,No,0
Unknown,Previous set of slides,Unknown,Unknown,Unknown,No,0
Unknown,Unknown,Unknown,Unknown,Unknown,No,0
Unknown,Unknown,Unknown,Unknown,Unknown,No,0
Unknown,4.5 out of 5 stars,Unknown,Unknown,Unknown,No,0
Unknown,4.5 out of 5 stars,Unknown,Unknown,Unknown,No,0
Unknown,Unknown,Unknown,Unknown,Unknown,No,0
Ankit Mehta,5.0 out of 5 stars,Unknown,Unknown,Unknown,No,0
Ankit Mehta,5.0 out of 5 stars,Unknown,Unknown,Unknown,No,0
Unknown,Unknown,Unknown,Unknown,Unknown,No,0
Unknown,Unknown,Unknown,Unknown,Unknown,No,0
Badal Suresh Gaikwad,5.0 out of 5 stars,"5.0 out of 5 stars
Apple",Awesome product!,Reviewed in India on 27 January 2025,Verified Purchase,One person found this helpful
Badal Suresh Gaikwad,5.0 out of 5 stars,"5.0 out of 5 stars
Apple",Awesome product!,Reviewed in India on 27 January 2025,Verified Purchase,One person found this helpful
Narender rawat,5.0 out of 5 stars,"5.0 out of 5 stars
phone is amazing",phone is amazing but plz go for plus size,Reviewed in India on 24 January 2025,Verified Purchase,0
Manu Aditya Gaur,5.0 out of 5 stars,"5.0 out of 5 stars
Packing is good",Good product,Reviewed in India on 21 January 2025,Verified Purchase,0
Uttam Kumar,5.0 out of 5 stars,"5.0 out of 5 stars
Happy",All good,Reviewed in India on 24 January 2025,Verified Purchase,0
Suganya,5.0 out of 5 stars,"5.0 out of 5 stars
Iphone !! Just a wow !",I do not have words to express how I feel after using Iphone. It's outstanding with all the features inbuilt. I really admire the intelligence this phone has. How did I miss such a phone before.,Reviewed in India on 2 January 2025,Verified Purchase,0
Placeholder,5.0 out of 5 stars,"5.0 out of 5 stars
Excellent Product",Very user friendly. Highly innovative product.,Reviewed in India on 22 January 2025,Verified Purchase,0
G MALLIKARJUN,5.0 out of 5 stars,"5.0 out of 5 stars
Nice",I purchased it in Republic Day sale for 55.5 k.Value for money and Amazon delivery is awesome,Reviewed in India on 14 January 2025,Verified Purchase,0
Placeholder,5.0 out of 5 stars,"5.0 out of 5 stars
Good",Good,Reviewed in India on 4 February 2025,Verified Purchase,0
Sahil Dwivedi,5.0 out of 5 stars,"5.0 out of 5 stars
Perfect phone",As expected the phones good,Reviewed in India on 22 January 2025,Verified Purchase,0
Samir. Ahmad,5.0 out of 5 stars,"5.0 out of 5 stars
Value for money üòç","It is very best ,I am happy üòä Thanks amazon",Reviewed in India on 23 January 2025,Verified Purchase,3 people found this helpful
Unknown,Unknown,Unknown,Unknown,Unknown,No,0
Unknown,Unknown,Unknown,Unknown,Unknown,No,0
Unknown,Unknown,Unknown,Unknown,Unknown,No,0
Unknown,Previous set of slides,Unknown,Unknown,Unknown,No,0
Unknown,Previous set of slides,Unknown,Unknown,Unknown,No,0
Unknown,Unknown,Unknown,Unknown,Unknown,No,0
Unknown,Unknown,Unknown,Unknown,Unknown,No,0
Unknown,4.5 out of 5 stars,Unknown,Unknown,Unknown,No,0
Unknown,4.5 out of 5 stars,Unknown,Unknown,Unknown,No,0
Unknown,Unknown,Unknown,Unknown,Unknown,No,0
Ankit Mehta,5.0 out of 5 stars,Unknown,Unknown,Unknown,No,0
Ankit Mehta,5.0 out of 5 stars,Unknown,Unknown,Unknown,No,0
Unknown,Unknown,Unknown,Unknown,Unknown,No,0
Unknown,Unknown,Unknown,Unknown,Unknown,No,0
Sivani,5.0 out of 5 stars,"5.0 out of 5 stars
Light weight",Light weight and good battery performance . Overall good compared to previous model,Reviewed in India on 21 January 2025,Verified Purchase,4 people found this helpful
Sivani,5.0 out of 5 stars,"5.0 out of 5 stars
Light weight",Light weight and good battery performance . Overall good compared to previous model,Reviewed in India on 21 January 2025,Verified Purchase,0
Vadiraj Katti,5.0 out of 5 stars,"5.0 out of 5 stars
Great choice",Excellent phone. Value for money.,Reviewed in India on 19 January 2025,Verified Purchase,0
Baljeet Singh,5.0 out of 5 stars,"5.0 out of 5 stars
Maza aa gya üëçüëçüëç",Best performance best smoothness best screen size,Reviewed in India on 17 January 2025,Verified Purchase,0
Alfin Jacob,5.0 out of 5 stars,"5.0 out of 5 stars
‚ù§Ô∏è‚Äçüî•",Good phone very smooth and camera quality superbü©µ,Reviewed in India on 25 January 2025,Verified Purchase,4 people found this helpful
abdhesh singh,5.0 out of 5 stars,"5.0 out of 5 stars
Nice phone",Nice phone,Reviewed in India on 17 January 2025,Verified Purchase,0
rajesh,5.0 out of 5 stars,"5.0 out of 5 stars
Super",Excellent,Reviewed in India on 17 January 2025,Verified Purchase,0
Sananda,5.0 out of 5 stars,"5.0 out of 5 stars
In love with the colour","What a great colour , what great features loving it!",Reviewed in India on 22 January 2025,Verified Purchase,4 people found this helpful
anshu kumar,5.0 out of 5 stars,"5.0 out of 5 stars
Awesome product... Value for Money",,Reviewed in India on 27 January 2025,Verified Purchase,5 people found this helpful
Very nice phone,5.0 out of 5 stars,"5.0 out of 5 stars
Good product",Very nice product,Reviewed in India on 14 January 2025,Verified Purchase,2 people found this helpful
Sibi,3.0 out of 5 stars,"3.0 out of 5 stars
Except for type c port everything else remains nearly the same","Charges slow, battery life is less than ok, camera is fine but nothing great compared to phones in the price range.Was forced to buy higher storage variant as the base variant immediately went out of stock.",Reviewed in India on 19 January 2025,Verified Purchase,0
Unknown,Unknown,Unknown,Unknown,Unknown,No,0
Unknown,Unknown,Unknown,Unknown,Unknown,No,0
Unknown,Unknown,Unknown,Unknown,Unknown,No,0
Unknown,Previous set of slides,Unknown,Unknown,Unknown,No,0
Unknown,Previous set of slides,Unknown,Unknown,Unknown,No,0
Unknown,Unknown,Unknown,Unknown,Unknown,No,0
Unknown,Unknown,Unknown,Unknown,Unknown,No,0
Unknown,4.5 out of 5 stars,Unknown,Unknown,Unknown,No,0
Unknown,4.5 out of 5 stars,Unknown,Unknown,Unknown,No,0
Unknown,Unknown,Unknown,Unknown,Unknown,No,0
Ankit Mehta,5.0 out of 5 stars,Unknown,Unknown,Unknown,No,0
Ankit Mehta,5.0 out of 5 stars,Unknown,Unknown,Unknown,No,0
Unknown,Unknown,Unknown,Unknown,Unknown,No,0
Unknown,Unknown,Unknown,Unknown,Unknown,No,0
Ajay Kumar,5.0 out of 5 stars,"5.0 out of 5 stars
Awesome product..value for money.","Awesome stuff at a very affordable rate. Looks are amazing, functions superlative and feel to hold it is, smooooth...GO for it- product.",Reviewed in India on 15 January 2025,Verified Purchase,10 people found this helpful
Ajay Kumar,5.0 out of 5 stars,"5.0 out of 5 stars
Awesome product..value for money.","Awesome stuff at a very affordable rate. Looks are amazing, functions superlative and feel to hold it is, smooooth...GO for it- product.",Reviewed in India on 15 January 2025,Verified Purchase,10 people found this helpful
anil mahajan,4.0 out of 5 stars,"4.0 out of 5 stars
Apple product always good",Apple product at best price,Reviewed in India on 10 December 2024,Verified Purchase,One person found this helpful
Samantha,5.0 out of 5 stars,"5.0 out of 5 stars
The Iphone received is just superb",The pink iphone 15 has very classic baby pink shade. The phone received is in perfect condition and is working well.Love the phone,Reviewed in India on 11 January 2025,Verified Purchase,11 people found this helpful
SUDHAKAR,5.0 out of 5 stars,"5.0 out of 5 stars
Excellent Packing","The Seller and Amazon fulfilled their promise from packing to the hassle free exchange. The delivery agent opened the package and seal in front of me. I am completely satisfied with the product and it is working awesome. Though it is 15 series while everyone has 16 pro or max, I still feel it a premium piece in my hand.",Reviewed in India on 17 December 2024,Verified Purchase,8 people found this helpful
Amazon Customer,4.0 out of 5 stars,"4.0 out of 5 stars
Good","very Good Product,but Amazon service very pathetic.",Reviewed in India on 10 November 2024,Verified Purchase,0
Abrna Prabakaran,5.0 out of 5 stars,"5.0 out of 5 stars
Best",Best buy for price,Reviewed in India on 1 January 2025,Verified Purchase,0
Sunny saket,5.0 out of 5 stars,"5.0 out of 5 stars
Value for money",Value for money durability and quality,Reviewed in India on 30 December 2024,Verified Purchase,2 people found this helpful
raju karakavalasa,5.0 out of 5 stars,"5.0 out of 5 stars
Excellent",Value for money for any purpose especially for gamers,Reviewed in India on 29 December 2024,Verified Purchase,One person found this helpful
Divyansh,5.0 out of 5 stars,"5.0 out of 5 stars
üì±ü§≥",Niceüçé,Reviewed in India on 2 January 2025,Verified Purchase,One person found this helpful
HS,4.0 out of 5 stars,"4.0 out of 5 stars
Very good product.",Very good product. I liked it very much. It's worth buying. I am satisfied with this product.,Reviewed in India on 28 October 2024,Verified Purchase,0
Unknown,Unknown,Unknown,Unknown,Unknown,No,0
Unknown,Unknown,Unknown,Unknown,Unknown,No,0
Unknown,Unknown,Unknown,Unknown,Unknown,No,0
Unknown,Previous set of slides,Unknown,Unknown,Unknown,No,0
Unknown,Previous set of slides,Unknown,Unknown,Unknown,No,0
Unknown,Unknown,Unknown,Unknown,Unknown,No,0
Unknown,Unknown,Unknown,Unknown,Unknown,No,0
Unknown,4.5 out of 5 stars,Unknown,Unknown,Unknown,No,0
Unknown,4.5 out of 5 stars,Unknown,Unknown,Unknown,No,0
Unknown,Unknown,Unknown,Unknown,Unknown,No,0
Ankit Mehta,5.0 out of 5 stars,Unknown,Unknown,Unknown,No,0
Ankit Mehta,5.0 out of 5 stars,Unknown,Unknown,Unknown,No,0
Unknown,Unknown,Unknown,Unknown,Unknown,No,0
Unknown,Unknown,Unknown,Unknown,Unknown,No,0
SANDEEP SINGH,5.0 out of 5 stars,"5.0 out of 5 stars
I phone 15",Nice phone,Reviewed in India on 22 December 2024,Verified Purchase,17 people found this helpful
SANDEEP SINGH,5.0 out of 5 stars,"5.0 out of 5 stars
I phone 15",Nice phone,Reviewed in India on 22 December 2024,Verified Purchase,0
Raghu Raman r,5.0 out of 5 stars,"5.0 out of 5 stars
Super",No words to tell great üòÉ,Reviewed in India on 17 December 2024,Verified Purchase,0
Pravin B,5.0 out of 5 stars,"5.0 out of 5 stars
Excellent.",Fast Charging.It is very smooth.sound is boost.Its perfomance is excellent.its functions are pour.,Reviewed in India on 11 January 2025,Verified Purchase,17 people found this helpful
Neiphrezo,5.0 out of 5 stars,"5.0 out of 5 stars
Good",Good,Reviewed in India on 20 December 2024,Verified Purchase,0
Raj,5.0 out of 5 stars,"5.0 out of 5 stars
Love it",Recommended,Reviewed in India on 21 December 2024,Verified Purchase,0
Avdhesh,3.0 out of 5 stars,"3.0 out of 5 stars
Price",Mehenga hai,Reviewed in India on 18 December 2024,Verified Purchase,One person found this helpful
Yasashvi Prasad,3.0 out of 5 stars,"3.0 out of 5 stars
iPhone is good but cable inside today it not working","I have bought phone just 6 month before, iPhone 15 cable inside box is not taking charge but type c cable of other phone Iam using it taking charge",Reviewed in India on 28 November 2024,Verified Purchase,3 people found this helpful
Sumit Joshi,5.0 out of 5 stars,"5.0 out of 5 stars
Trusted Delivery From Amazon",As expected delivered the product safely and no fraud done like Flipkart. The product is working great with awesome video recording and smooth software experience,Reviewed in India on 26 November 2024,Verified Purchase,0
frenu,4.0 out of 5 stars,"4.0 out of 5 stars
Good",Good product,Reviewed in India on 12 October 2024,Verified Purchase,One person found this helpful
Ashutosh,5.0 out of 5 stars,"5.0 out of 5 stars
Good product",Good product and amazon delivered product on time,Reviewed in India on 3 December 2024,Verified Purchase,0
Unknown,Unknown,Unknown,Unknown,Unknown,No,0
Unknown,Unknown,Unknown,Unknown,Unknown,No,0
Unknown,Unknown,Unknown,Unknown,Unknown,No,0
Unknown,Previous set of slides,Unknown,Unknown,Unknown,No,0
Unknown,Previous set of slides,Unknown,Unknown,Unknown,No,0
Unknown,Unknown,Unknown,Unknown,Unknown,No,0
Unknown,Unknown,Unknown,Unknown,Unknown,No,0
Unknown,4.5 out of 5 stars,Unknown,Unknown,Unknown,No,0
Unknown,4.5 out of 5 stars,Unknown,Unknown,Unknown,No,0
Unknown,Unknown,Unknown,Unknown,Unknown,No,0
Ankit Mehta,5.0 out of 5 stars,Unknown,Unknown,Unknown,No,0
Ankit Mehta,5.0 out of 5 stars,Unknown,Unknown,Unknown,No,0
Unknown,Unknown,Unknown,Unknown,Unknown,No,0
Unknown,Unknown,Unknown,Unknown,Unknown,No,0
subhadip manna,4.0 out of 5 stars,"4.0 out of 5 stars
It's about the great iPhone 15","Everyone know about pros , let's only talk about consBattery : worst than I expect . Many says it is iOS 17 behind poor battery life . Hardly 3-4 he if you travelling and your network changes frequently .. worst than my android devices .Performance : no doubt in performance , it's the best in the industry ,Camera : undoubtably very good in camera dipartment but I hardly take photos üòÅiOS : verry smooth and many good things are missing . Call recording , call pick up haptic , smart dial and many more little but verry important feature ..Many youtuber says there is no such use of dynamic island but listen to me it is verry usefull and looking cool tooPrice : obviously it's not value for money but it's far better than 13 and 14 launch price which is same . Although this time iPhone 15 far better than 15 pro",Reviewed in India on 12 October 2023,Verified Purchase,238 people found this helpful
subhadip manna,4.0 out of 5 stars,"4.0 out of 5 stars
It's about the great iPhone 15","Everyone know about pros , let's only talk about consBattery : worst than I expect . Many says it is iOS 17 behind poor battery life . Hardly 3-4 he if you travelling and your network changes frequently .. worst than my android devices .Performance : no doubt in performance , it's the best in the industry ,Camera : undoubtably very good in camera dipartment but I hardly take photos üòÅiOS : verry smooth and many good things are missing . Call recording , call pick up haptic , smart dial and many more little but verry important feature ..Many youtuber says there is no such use of dynamic island but listen to me it is verry usefull and looking cool tooPrice : obviously it's not value for money but it's far better than 13 and 14 launch price which is same . Although this time iPhone 15 far better than 15 pro",Reviewed in India on 12 October 2023,Verified Purchase,238 people found this helpful
Praveen Ranjan,4.0 out of 5 stars,"4.0 out of 5 stars
Reliable Phone",Good Portrait modeBest videoJust ok in other camera aspectsGood BatteryGood PerformanceLittle Network issue,Reviewed in India on 23 September 2024,Verified Purchase,One person found this helpful
Bora Bhai,3.0 out of 5 stars,"3.0 out of 5 stars
Good phone but bad exchange policy",Phone is absolutely beautiful but the exchange policy is too bad... Their Rabbit app is fraud.,Reviewed in India on 8 December 2024,Verified Purchase,5 people found this helpful
Shiv Sharan,5.0 out of 5 stars,"5.0 out of 5 stars
Great Phone",Loved the camera,Reviewed in India on 29 November 2024,Verified Purchase,0
Amazon Customer,4.0 out of 5 stars,"4.0 out of 5 stars
Batteries charging not good",Camera quality and battery dislike,Reviewed in India on 25 September 2024,Verified Purchase,2 people found this helpful
Mohammed Ajaas,4.0 out of 5 stars,"4.0 out of 5 stars
No big changes. Disappointed",Not that good. Phone is handy and for me I doesn‚Äôt make sense as iPhone X and 15 looks similar and refresh rate too poor. They charged more but big theifs even their competitors are eager to fetch money from customers but not ready to give worth the money. Customers need to slowly have to reject these brands and btw last 14 years using Apple products but it is worst in the sense not much up gradation. iPhone 15 pro max even pathetic,Reviewed in India on 12 July 2024,Verified Purchase,11 people found this helpful
Kishor Gaikwad,5.0 out of 5 stars,"5.0 out of 5 stars
Must buy mobile...","Not required to give review, the brand name apple suggest it all, from last 2 months my wife is using it. Though it is coslty, but this cost is woth it. So go and buy...",Reviewed in India on 4 November 2024,Verified Purchase,One person found this helpful
Rohan narvekar,5.0 out of 5 stars,"5.0 out of 5 stars
Iphone from Apple as usual top in quality and experiance.","First of it looks very very prime quality and nicely fit in your hands. I am an android user still I don't face issue at the time of operating. In India you have to download required apps from app store free of cost. Apple store not available in India. You can use two sim , one physical micro sim and other esim. Conversion of physical micro sim to esim is very easy and happen in just two hours from your home. But after conversion sms service restricted for 24 hours as per guidelines if TRAI. No issue of connectivity if you have good network strength of your desired operator. Very crispy screen gives no strain on your eyes. Battery life is awesome , 1 one day for heavy user and 2 days for light user. Smooth performance of IOS system, no lags ,no glitches , not a single problem when you get to use. Sound is also very big but very crystal clear. Value is on high side,  so though it is very good in all aspects,  many people may find it very difficult to purchase .",Reviewed in India on 24 July 2024,Verified Purchase,62 people found this helpful
SGA,5.0 out of 5 stars,"5.0 out of 5 stars
Happy with it. Buying & exchange went smoothly.","Buying, delivery & exchange went smoothly.",Reviewed in India on 21 November 2024,Verified Purchase,0
Pritam,2.0 out of 5 stars,"2.0 out of 5 stars
Waste of money",4 logo k saamne dikhawa karne k alawa aur kuch use nahi h iska.. my wife has iPhone 13 and there is no difference in both mobile which is significant. Don‚Äôt go for any iPhone infact Samsung has better models than iPhone atleast you‚Äôll be able to use all the features and apps without any restrictions.,Reviewed in India on 9 February 2025,Verified Purchase,0
Unknown,Unknown,Unknown,Unknown,Unknown,No,0
Unknown,Unknown,Unknown,Unknown,Unknown,No,0
Unknown,Unknown,Unknown,Unknown,Unknown,No,0
Unknown,Previous set of slides,Unknown,Unknown,Unknown,No,0
Unknown,Previous set of slides,Unknown,Unknown,Unknown,No,0
Unknown,Unknown,Unknown,Unknown,Unknown,No,0
Unknown,Unknown,Unknown,Unknown,Unknown,No,0
Unknown,4.5 out of 5 stars,Unknown,Unknown,Unknown,No,0
Unknown,4.5 out of 5 stars,Unknown,Unknown,Unknown,No,0
Unknown,Unknown,Unknown,Unknown,Unknown,No,0
Ankit Mehta,5.0 out of 5 stars,Unknown,Unknown,Unknown,No,0
Ankit Mehta,5.0 out of 5 stars,Unknown,Unknown,Unknown,No,0
Unknown,Unknown,Unknown,Unknown,Unknown,No,0
Unknown,Unknown,Unknown,Unknown,Unknown,No,0
Surojit Dey,5.0 out of 5 stars,"5.0 out of 5 stars
Nice",Great phone.,Reviewed in India on 19 November 2024,Verified Purchase,One person found this helpful
Surojit Dey,5.0 out of 5 stars,"5.0 out of 5 stars
Nice",Great phone.,Reviewed in India on 19 November 2024,Verified Purchase,0
Vishal Mathur,4.0 out of 5 stars,"4.0 out of 5 stars
Good product but costly",Apple iPhone quite costly but quite good interface and operations systemIf you have no issue with spending money this is product you can buy.,Reviewed in India on 22 August 2024,Verified Purchase,One person found this helpful
tarun m.,5.0 out of 5 stars,"5.0 out of 5 stars
Very good product","Value for money, user friendly",Reviewed in India on 21 November 2024,Verified Purchase,One person found this helpful
S P.,5.0 out of 5 stars,"5.0 out of 5 stars
Absolutely stunning!!!",Faster and better iphone.,Reviewed in India on 20 November 2024,Verified Purchase,One person found this helpful
Harsh Chauhan,5.0 out of 5 stars,"5.0 out of 5 stars
worth it",gifted to my guardians,Reviewed in India on 11 November 2024,Verified Purchase,0
Ajay Kr Chaturvedi,5.0 out of 5 stars,"5.0 out of 5 stars
The BEST iPhone EVERRRRRRR! : iPhone 15 review after 2 weeks of continuous use","The display is impressively bright, despite the 60 Hz, which I thought might be a drawback coming from a 120 Hz Android device. Surprisingly, it feels the same. The battery life is solid, providing around 1.5 days for mild phone users. As a developer, with light usage for content consumption and social media, I get around 8 hours of screen on time with 25-30% battery left. It charges quickly to 50% and then trickle charges to 100%, adapting to usage patterns for faster charging. Initially, there were some battery drain and heating issues, but they resolved as the phone learned my usage patterns.Now, the camera is impressive, especially in low light conditions. Despite lacking a dedicated long exposure mode, the default night option, averaging around 3 seconds, captures details even in the dark. Compared to the iPhone 14 and S21FE, the camera quality is top-notch. The auto portrait detection is a standout feature. Believe me no one explain the real use of that auto portrait theoretically until you try it.In terms of network, the dual 5G standby supports Vi and JIO 5G (eSim). Inside my house, I get around 500 Mbps, and outside easily surpass 1 Gbps. Call quality is excellent, with two introduced modes in the mic option available in the control center.This is my personal opinion; I'll update if I find anything noteworthy.",Reviewed in India on 3 December 2023,Verified Purchase,93 people found this helpful
I have bought this item on jun 18th and from that 60 days exactly and now it‚Äôs not working,5.0 out of 5 stars,"5.0 out of 5 stars
Good",Received safe condition and opened infront of me and don‚Äôt have retun so careful while buying expensive electronics,Reviewed in India on 28 October 2024,Verified Purchase,One person found this helpful
Sudin Kumar Bose,5.0 out of 5 stars,"5.0 out of 5 stars
Security",Camera and security made the decision to buy,Reviewed in India on 1 November 2024,Verified Purchase,0
Rohitash Kumar,3.0 out of 5 stars,"3.0 out of 5 stars
Camera applying some filters over it after clicking photo",I have noticed first time camera is applying filter from software device. It seems camera is taking support of device software to enhance quality. They might be degrade quality after iOS update. Like happened with me in 8Plus.,Reviewed in India on 14 October 2024,Verified Purchase,One person found this helpful
Amazon Customer,5.0 out of 5 stars,"5.0 out of 5 stars
Product in good condition",There is no problem with product but delivery associate charged more 4000/ rupees in his personal account without giving any more receipt.,Reviewed in India on 19 October 2024,Verified Purchase,2 people found this helpful
Unknown,Unknown,Unknown,Unknown,Unknown,No,0
Unknown,Unknown,Unknown,Unknown,Unknown,No,0
Unknown,Unknown,Unknown,Unknown,Unknown,No,0
Unknown,Previous set of slides,Unknown,Unknown,Unknown,No,0
Unknown,Previous set of slides,Unknown,Unknown,Unknown,No,0
Unknown,Unknown,Unknown,Unknown,Unknown,No,0
Unknown,Unknown,Unknown,Unknown,Unknown,No,0
Unknown,4.5 out of 5 stars,Unknown,Unknown,Unknown,No,0
Unknown,4.5 out of 5 stars,Unknown,Unknown,Unknown,No,0
Unknown,Unknown,Unknown,Unknown,Unknown,No,0
Ankit Mehta,5.0 out of 5 stars,Unknown,Unknown,Unknown,No,0
Ankit Mehta,5.0 out of 5 stars,Unknown,Unknown,Unknown,No,0
Unknown,Unknown,Unknown,Unknown,Unknown,No,0
Unknown,Unknown,Unknown,Unknown,Unknown,No,0
A jyoti,5.0 out of 5 stars,"5.0 out of 5 stars
Nice",Nice phone,Reviewed in India on 7 November 2024,Verified Purchase,6 people found this helpful
A jyoti,5.0 out of 5 stars,"5.0 out of 5 stars
Nice",Nice phone,Reviewed in India on 7 November 2024,Verified Purchase,0
joshua,5.0 out of 5 stars,"5.0 out of 5 stars
Excellent",Best in the market,Reviewed in India on 5 November 2024,Verified Purchase,0
Prasanthi G,5.0 out of 5 stars,"5.0 out of 5 stars
Amazing product",Amazing product,Reviewed in India on 4 November 2024,Verified Purchase,0
Swati P. Marathe,4.0 out of 5 stars,"4.0 out of 5 stars
Quality and looks","Sound quality is very good. Performance is good and transfer of data from my old iPhone happened very fast. Software update was completed immediately after starting the phone . Only problem is that the charging cable is different and it doesn‚Äôt fit into USB port, so one must have an adapter or order one along with the iPhone.",Reviewed in India on 24 May 2024,Verified Purchase,6 people found this helpful
Amazon Customer,5.0 out of 5 stars,"5.0 out of 5 stars
Speed and Quality",Best CameraFaster than s24 ultra in displayLight and amazing feel,Reviewed in India on 2 November 2024,Verified Purchase,4 people found this helpful
parth,5.0 out of 5 stars,"5.0 out of 5 stars
The condition and  packaging of product",The box was a little faded as seen to be not properly maintained but the phone is received in great condition all new and no activation until activatedüëçüëåüèª,Reviewed in India on 26 September 2024,Verified Purchase,One person found this helpful
Amazon Customer,5.0 out of 5 stars,"5.0 out of 5 stars
Good",It‚Äôs iPhone man ‚Ä¶,Reviewed in India on 23 October 2024,Verified Purchase,0
stuti,4.0 out of 5 stars,"4.0 out of 5 stars
Good one",After so many follow ups finally received a product. Product is good,Reviewed in India on 31 July 2024,Verified Purchase,0
Shamin,5.0 out of 5 stars,"5.0 out of 5 stars
Good phone",I‚Äôm still using this phone and delivery is very fast. Got the phone in premium packing. Nice delivery.,Reviewed in India on 15 October 2024,Verified Purchase,3 people found this helpful
Shivam Sharma,5.0 out of 5 stars,"5.0 out of 5 stars
Good",Hdj,Reviewed in India on 29 October 2024,Verified Purchase,2 people found this helpful
Unknown,Unknown,Unknown,Unknown,Unknown,No,0
Unknown,Unknown,Unknown,Unknown,Unknown,No,0
Unknown,Unknown,Unknown,Unknown,Unknown,No,0
Unknown,Previous set of slides,Unknown,Unknown,Unknown,No,0
Unknown,Previous set of slides,Unknown,Unknown,Unknown,No,0
Unknown,Unknown,Unknown,Unknown,Unknown,No,0
Unknown,Unknown,Unknown,Unknown,Unknown,No,0
Unknown,4.5 out of 5 stars,Unknown,Unknown,Unknown,No,0
Unknown,4.5 out of 5 stars,Unknown,Unknown,Unknown,No,0
Unknown,Unknown,Unknown,Unknown,Unknown,No,0
Ankit Mehta,5.0 out of 5 stars,Unknown,Unknown,Unknown,No,0
Ankit Mehta,5.0 out of 5 stars,Unknown,Unknown,Unknown,No,0
Unknown,Unknown,Unknown,Unknown,Unknown,No,0
Unknown,Unknown,Unknown,Unknown,Unknown,No,0
Akhilesh,1.0 out of 5 stars,"1.0 out of 5 stars
Mobile getting heat",Its getting heat and camera clarity is not good.Just bought this iPhone 15 on 6 days back.Don‚Äôt sell like this and don‚Äôt cheat customers please,Reviewed in India on 14 February 2025,Verified Purchase,One person found this helpful
Akhilesh,1.0 out of 5 stars,"1.0 out of 5 stars
Mobile getting heat",Its getting heat and camera clarity is not good.Just bought this iPhone 15 on 6 days back.Don‚Äôt sell like this and don‚Äôt cheat customers please,Reviewed in India on 14 February 2025,Verified Purchase,0
Neeraj Choudhary,1.0 out of 5 stars,"1.0 out of 5 stars
Scratched mob",This is worst buy person who send this not let me open the box and i found scratches when I opened that,Reviewed in India on 13 February 2025,Verified Purchase,0
Rajesh shukla,5.0 out of 5 stars,"5.0 out of 5 stars
Dual e sim","Dual e sim is a good option. However, inspite of repeated efforts the banks (HDFC/SBI) have not recognised these sims yet and I am not able to transact online.But for the above, it‚Äôs a big thumbs up for the phone. It‚Äôs light & fast. I am told once the banks are connected, it‚Äôs very secure transacting online",Reviewed in India on 13 February 2025,Verified Purchase,0
karan chugh,1.0 out of 5 stars,"1.0 out of 5 stars
bad experience",bad,Reviewed in India on 12 February 2025,Verified Purchase,0
Sandeep,5.0 out of 5 stars,"5.0 out of 5 stars
Nice phone",Nice phone,Reviewed in India on 12 February 2025,Verified Purchase,0
S M,1.0 out of 5 stars,"1.0 out of 5 stars
Quality is not all good",Quality not at all good,Reviewed in India on 12 February 2025,Verified Purchase,0
ADNAN MD,1.0 out of 5 stars,"1.0 out of 5 stars
Good","Camera is good, charging is superfast, perfomance also nice, Overall perfect.",Reviewed in India on 11 February 2025,Verified Purchase,0
Pradeep,4.0 out of 5 stars,"4.0 out of 5 stars
Camera",Good phoneBut camera is not good.,Reviewed in India on 10 February 2025,Verified Purchase,0
RUHUL AMIN,1.0 out of 5 stars,"1.0 out of 5 stars
Worst product by apple",iPhone 15 worst display.. it‚Äôs js 3 days but I got more than 10 scratches‚Ä¶ it‚Äôs js visible in sunlight.. at first I thought the scratches are in the temper glass but when I removed it I got shocked.. the glasss was totally ok but display üò¢üò¢üò¢.. I changed the protective glass but next day it happened the same,Reviewed in India on 10 February 2025,Verified Purchase,One person found this helpful
Pawan kumar,5.0 out of 5 stars,"5.0 out of 5 stars
good",nice,Reviewed in India on 9 February 2025,Verified Purchase,0
Unknown,Unknown,Unknown,Unknown,Unknown,No,0
Unknown,Unknown,Unknown,Unknown,Unknown,No,0
Unknown,Unknown,Unknown,Unknown,Unknown,No,0
Unknown,Unknown,Unknown,Unknown,Unknown,No,0
Unknown,Unknown,Unknown,Unknown,Unknown,No,0
Unknown,4.5 out of 5 stars,Unknown,Unknown,Unknown,No,0
Unknown,4.5 out of 5 stars,Unknown,Unknown,Unknown,No,0
Unknown,Unknown,Unknown,Unknown,Unknown,No,0
Ankit Mehta,5.0 out of 5 stars,Unknown,Unknown,Unknown,No,0
Ankit Mehta,5.0 out of 5 stars,Unknown,Unknown,Unknown,No,0
Unknown,Unknown,Unknown,Unknown,Unknown,No,0
Unknown,Unknown,Unknown,Unknown,Unknown,No,0
Pritam,2.0 out of 5 stars,"2.0 out of 5 stars
Waste of money",4 logo k saamne dikhawa karne k alawa aur kuch use nahi h iska.. my wife has iPhone 13 and there is no difference in both mobile which is significant. Don‚Äôt go for any iPhone infact Samsung has better models than iPhone atleast you‚Äôll be able to use all the features and apps without any restrictions.,Reviewed in India on 9 February 2025,Verified Purchase,One person found this helpful
Pritam,2.0 out of 5 stars,"2.0 out of 5 stars
Waste of money",4 logo k saamne dikhawa karne k alawa aur kuch use nahi h iska.. my wife has iPhone 13 and there is no difference in both mobile which is significant. Don‚Äôt go for any iPhone infact Samsung has better models than iPhone atleast you‚Äôll be able to use all the features and apps without any restrictions.,Reviewed in India on 9 February 2025,Verified Purchase,0
Nand kishor,5.0 out of 5 stars,"5.0 out of 5 stars
Nice",üëç,Reviewed in India on 8 February 2025,Verified Purchase,0
Akshith,5.0 out of 5 stars,"5.0 out of 5 stars
Sleek design","Just as good as always, better and improved. Especially this black colour looks dope",Reviewed in India on 7 February 2025,Verified Purchase,One person found this helpful
Maanvitha,1.0 out of 5 stars,"1.0 out of 5 stars
Need more features for this iPhone","Worst series in iPhone.Doesnt like its features, it should be more for this price range. I will never recommend this iphone series to anyone.",Reviewed in India on 6 February 2025,Verified Purchase,One person found this helpful
Sarita singh,5.0 out of 5 stars,"5.0 out of 5 stars
Awesome‚Ä¶","The video showcases the product in use.The video guides you through product setup.The video compares multiple products.The video shows the product being unpacked.Video Player is loading.Play VideoPlayMuteCurrent Time¬†0:00/Duration¬†0:02Loaded: 100.00%0:00Stream Type¬†LIVESeek to live, currently behind liveLIVERemaining Time¬†-0:02¬†1xPlayback RateChaptersChaptersDescriptionsdescriptions off, selectedCaptionscaptions offEnglish (Automated), selectedAudio Trackdefault, selectedFullscreenThis is a modal window.


Absolutely new‚Ä¶ n m in love with my iphone‚Ä¶ only problem is is eats a lot of battery‚Ä¶",Reviewed in India on 6 February 2025,Verified Purchase,0
Kuldeep Choudhary,5.0 out of 5 stars,"5.0 out of 5 stars
Nice product thanks for amazon",iPhone 15 Black Very Nice üëåüëåQuality best,Reviewed in India on 5 February 2025,Verified Purchase,0
Kindle Customer,5.0 out of 5 stars,"5.0 out of 5 stars
Camera is best",Sexy phone.,Reviewed in India on 5 February 2025,Verified Purchase,0
Placeholder,5.0 out of 5 stars,"5.0 out of 5 stars
Good",Good,Reviewed in India on 4 February 2025,Verified Purchase,0
samirsk,5.0 out of 5 stars,"5.0 out of 5 stars
Superb",Exllent experience  smooth and fast battery life very long,Reviewed in India on 4 February 2025,Verified Purchase,One person found this helpful
Vivek Bhattacharya,5.0 out of 5 stars,"5.0 out of 5 stars
The ultimate one","üåüüåüüåüüåüüåü | The Ultimate Flagship Experience!I recently upgraded to the iPhone 15, and it has truly exceeded my expectations in every way. From design to performance, Apple has once again delivered a masterpiece.Key Highlights:‚úÖ Sleek & Lightweight Design ‚Äì The contoured edges and premium finish make it a delight to hold. The new color-infused glass back looks stunning!‚úÖ Powerful A16 Bionic Chip ‚Äì Blazing fast performance, seamless multitasking, and power efficiency that keeps the phone running smoothly all day.‚úÖ Super Retina XDR Display ‚Äì Bright, vibrant colors with HDR support make videos and gaming an absolute pleasure.‚úÖ Advanced Camera System ‚Äì The 48MP main camera captures breathtaking detail, and the new Smart HDR 5 enhances every shot. Night mode is incredible!‚úÖ USB-C Port ‚Äì Finally, a universal charging solution! This change makes connectivity much more convenient.‚úÖ Great Battery Life ‚Äì Easily lasts a full day with normal usage, and fast charging support is a bonus.Apple continues to push boundaries, making the iPhone 15 a must-have upgrade. Whether you‚Äôre an iOS user or switching from another brand, this phone is a solid investment!‚Äî Vivek Bhattacharya",Reviewed in India on 4 February 2025,No,0
Unknown,Unknown,Unknown,Unknown,Unknown,No,0
Unknown,Unknown,Unknown,Unknown,Unknown,No,0
Unknown,Unknown,Unknown,Unknown,Unknown,No,0
Unknown,Previous set of slides,Unknown,Unknown,Unknown,No,0
Unknown,Previous set of slides,Unknown,Unknown,Unknown,No,0
Unknown,Unknown,Unknown,Unknown,Unknown,No,0
Unknown,Unknown,Unknown,Unknown,Unknown,No,0
Unknown,4.5 out of 5 stars,Unknown,Unknown,Unknown,No,0
Unknown,4.5 out of 5 stars,Unknown,Unknown,Unknown,No,0
Unknown,Unknown,Unknown,Unknown,Unknown,No,0
Ankit Mehta,5.0 out of 5 stars,Unknown,Unknown,Unknown,No,0
Ankit Mehta,5.0 out of 5 stars,Unknown,Unknown,Unknown,No,0
Unknown,Unknown,Unknown,Unknown,Unknown,No,0
Unknown,Unknown,Unknown,Unknown,Unknown,No,0
rishi k.,5.0 out of 5 stars,"5.0 out of 5 stars
Unbeatable IPhone",It‚Äôs an amazing product iphone 15 bought for my son his very first iPhone he is loving it ..super phone,Reviewed in India on 3 February 2025,Verified Purchase,4 people found this helpful
rishi k.,5.0 out of 5 stars,"5.0 out of 5 stars
Unbeatable IPhone",It‚Äôs an amazing product iphone 15 bought for my son his very first iPhone he is loving it ..super phone,Reviewed in India on 3 February 2025,Verified Purchase,4 people found this helpful
Akshata,5.0 out of 5 stars,"5.0 out of 5 stars
Very good phone",Got the phone within 4 days.. though delivery date was mentioned to be more than 10 days.,Reviewed in India on 1 February 2025,Verified Purchase,0
Madan m.,5.0 out of 5 stars,"5.0 out of 5 stars
Phone",Phone and display quality best,Reviewed in India on 1 February 2025,Verified Purchase,0
Somanath Sagai,4.0 out of 5 stars,"4.0 out of 5 stars
Fest Quality","The video showcases the product in use.The video guides you through product setup.The video compares multiple products.The video shows the product being unpacked.Video Player is loading.Play VideoPlayMuteCurrent Time¬†0:00/Duration¬†0:19Loaded: 15.81%0:00Stream Type¬†LIVESeek to live, currently behind liveLIVERemaining Time¬†-0:19¬†1xPlayback RateChaptersChaptersDescriptionsdescriptions off, selectedCaptionscaptions off, selectedEnglish (Automated)Audio Trackdefault, selectedFullscreenThis is a modal window.


Good Quality and future but some options disadvantage in android it's available but iOS not available üòë",Reviewed in India on 30 January 2025,Verified Purchase,7 people found this helpful
M S,5.0 out of 5 stars,"5.0 out of 5 stars
Good product",Good product,Reviewed in India on 29 January 2025,Verified Purchase,0
Vaibhav_sanjay_chavan,5.0 out of 5 stars,"5.0 out of 5 stars
Osm mobile",,Reviewed in India on 28 January 2025,No,0
Munish Sharma,5.0 out of 5 stars,"5.0 out of 5 stars
Value for money at 54k",Good and improved device with latest features sound quality is awesome,Reviewed in India on 28 January 2025,Verified Purchase,6 people found this helpful
GK,5.0 out of 5 stars,"5.0 out of 5 stars
iPhone 15",Very good product,Reviewed in India on 28 January 2025,Verified Purchase,0
Amazon Customer,5.0 out of 5 stars,"5.0 out of 5 stars
Bucket list item","Good phone, swift delivery, bought during Republic Day sale.",Reviewed in India on 28 January 2025,Verified Purchase,0
Badal Suresh Gaikwad,5.0 out of 5 stars,"5.0 out of 5 stars
Apple",Awesome product!,Reviewed in India on 27 January 2025,Verified Purchase,One person found this helpful
Unknown,Unknown,Unknown,Unknown,Unknown,No,0
Unknown,Unknown,Unknown,Unknown,Unknown,No,0
Unknown,Unknown,Unknown,Unknown,Unknown,No,0
Unknown,Previous set of slides,Unknown,Unknown,Unknown,No,0
Unknown,Previous set of slides,Unknown,Unknown,Unknown,No,0
Unknown,Unknown,Unknown,Unknown,Unknown,No,0
Unknown,Unknown,Unknown,Unknown,Unknown,No,0
Unknown,4.5 out of 5 stars,Unknown,Unknown,Unknown,No,0
Unknown,4.5 out of 5 stars,Unknown,Unknown,Unknown,No,0
Unknown,Unknown,Unknown,Unknown,Unknown,No,0
Ankit Mehta,5.0 out of 5 stars,Unknown,Unknown,Unknown,No,0
Ankit Mehta,5.0 out of 5 stars,Unknown,Unknown,Unknown,No,0
Unknown,Unknown,Unknown,Unknown,Unknown,No,0
Unknown,Unknown,Unknown,Unknown,Unknown,No,0
anshu kumar,5.0 out of 5 stars,"5.0 out of 5 stars
Awesome product... Value for Money",,Reviewed in India on 27 January 2025,Verified Purchase,5 people found this helpful
anshu kumar,5.0 out of 5 stars,"5.0 out of 5 stars
Awesome product... Value for Money",,Reviewed in India on 27 January 2025,Verified Purchase,5 people found this helpful
"Box was fully damaged , please wrap it in bubble wrap , it may help to secure the box",1.0 out of 5 stars,"1.0 out of 5 stars
bad Packing","Mobile is too good , camera and battery life is also best , but box was totally damage !! No use of bubble wrap polythene",Reviewed in India on 25 January 2025,Verified Purchase,0
Seema,5.0 out of 5 stars,"5.0 out of 5 stars
Amazingggggüíó",Earlier I was sceptical about the product but as I received it was brand new and in perfect condition. Everything about the phone is amazing and camera and sound is top notch ‚ù§Ô∏è,Reviewed in India on 25 January 2025,Verified Purchase,2 people found this helpful
Alfin Jacob,5.0 out of 5 stars,"5.0 out of 5 stars
‚ù§Ô∏è‚Äçüî•",Good phone very smooth and camera quality superbü©µ,Reviewed in India on 25 January 2025,Verified Purchase,4 people found this helpful
Abhik,5.0 out of 5 stars,"5.0 out of 5 stars
All good",All good,Reviewed in India on 24 January 2025,Verified Purchase,0
Uttam Kumar,5.0 out of 5 stars,"5.0 out of 5 stars
Happy",All good,Reviewed in India on 24 January 2025,Verified Purchase,0
samina naaz,1.0 out of 5 stars,"1.0 out of 5 stars
Asked to pay 7000 extra which is not mentioned in the bill","I got my phone today which failed battery test. However the original bill shows the actual return amount, whereas I was asked to pay 7000 extra.",Reviewed in India on 24 January 2025,Verified Purchase,0
Narender rawat,5.0 out of 5 stars,"5.0 out of 5 stars
phone is amazing",phone is amazing but plz go for plus size,Reviewed in India on 24 January 2025,Verified Purchase,0
RAJAT,1.0 out of 5 stars,"1.0 out of 5 stars
Android is better",Build quality is good but it can have better performance. Battery backup is good. Camera is as always good. But I noticed the app performance is slightly better in iphone 14,Reviewed in India on 24 January 2025,No,0
Samir. Ahmad,5.0 out of 5 stars,"5.0 out of 5 stars
Value for money üòç","It is very best ,I am happy üòä Thanks amazon",Reviewed in India on 23 January 2025,Verified Purchase,3 people found this helpful
Unknown,Unknown,Unknown,Unknown,Unknown,No,0
Unknown,Unknown,Unknown,Unknown,Unknown,No,0
Unknown,Unknown,Unknown,Unknown,Unknown,No,0
Unknown,Previous set of slides,Unknown,Unknown,Unknown,No,0
Unknown,Previous set of slides,Unknown,Unknown,Unknown,No,0
Unknown,Unknown,Unknown,Unknown,Unknown,No,0
Unknown,Unknown,Unknown,Unknown,Unknown,No,0
Unknown,4.5 out of 5 stars,Unknown,Unknown,Unknown,No,0
Unknown,4.5 out of 5 stars,Unknown,Unknown,Unknown,No,0
Unknown,Unknown,Unknown,Unknown,Unknown,No,0
Ankit Mehta,5.0 out of 5 stars,Unknown,Unknown,Unknown,No,0
Ankit Mehta,5.0 out of 5 stars,Unknown,Unknown,Unknown,No,0
Unknown,Unknown,Unknown,Unknown,Unknown,No,0
Unknown,Unknown,Unknown,Unknown,Unknown,No,0
Ankit Mehta,5.0 out of 5 stars,"5.0 out of 5 stars
Price range, decentüì±",So lightweight. battery life is good .better sound quality.  with dynamic island .Charging speed fast.,Reviewed in India on 22 January 2025,Verified Purchase,10 people found this helpful
Ankit Mehta,5.0 out of 5 stars,"5.0 out of 5 stars
Price range, decentüì±",So lightweight. battery life is good .better sound quality.  with dynamic island .Charging speed fast.,Reviewed in India on 22 January 2025,Verified Purchase,10 people found this helpful
Sahil Dwivedi,5.0 out of 5 stars,"5.0 out of 5 stars
Perfect phone",As expected the phones good,Reviewed in India on 22 January 2025,Verified Purchase,0
Sananda,5.0 out of 5 stars,"5.0 out of 5 stars
In love with the colour","What a great colour , what great features loving it!",Reviewed in India on 22 January 2025,Verified Purchase,4 people found this helpful
Placeholder,5.0 out of 5 stars,"5.0 out of 5 stars
Excellent Product",Very user friendly. Highly innovative product.,Reviewed in India on 22 January 2025,Verified Purchase,0
Sivani,5.0 out of 5 stars,"5.0 out of 5 stars
Light weight",Light weight and good battery performance . Overall good compared to previous model,Reviewed in India on 21 January 2025,Verified Purchase,0
Manu Aditya Gaur,5.0 out of 5 stars,"5.0 out of 5 stars
Packing is good",Good product,Reviewed in India on 21 January 2025,Verified Purchase,0
Sandeep Shakya,4.0 out of 5 stars,"4.0 out of 5 stars
Best Iphone slimmest cover","You will not fill like your phone is wearing cover, work with wireless charging. When I remove it multiple times for cleaning border get removed which I restick.-",Reviewed in India on 20 January 2025,Verified Purchase,0
umar,5.0 out of 5 stars,"5.0 out of 5 stars
Ok","Phone is good in all aspects including battery,performance ,display n in look,,recommend to other s to buy ,thanx to Amazon",Reviewed in India on 20 January 2025,No,0
DONT GET CHEATED BY BUYING FROM AMAZON‚Ä¶ Poor quality..battery discharge too fast..guys don‚Äôt fall for fancy trap..buy from apple showroom.Amazon‚Äôs service is pathetic..the,1.0 out of 5 stars,"1.0 out of 5 stars
Don‚Äôt buy iPhone from Amazon",Poor quality..battery discharge too fast..guys don‚Äôt fall for fancy trap..buy from apple showroom.Amazon‚Äôs service is pathetic..the,Reviewed in India on 20 January 2025,Verified Purchase,One person found this helpful
Sibi,3.0 out of 5 stars,"3.0 out of 5 stars
Except for type c port everything else remains nearly the same","Charges slow, battery life is less than ok, camera is fine but nothing great compared to phones in the price range.Was forced to buy higher storage variant as the base variant immediately went out of stock.",Reviewed in India on 19 January 2025,Verified Purchase,0
Unknown,Unknown,Unknown,Unknown,Unknown,No,0
Unknown,Unknown,Unknown,Unknown,Unknown,No,0
Unknown,Unknown,Unknown,Unknown,Unknown,No,0
Unknown,Previous set of slides,Unknown,Unknown,Unknown,No,0
Unknown,Previous set of slides,Unknown,Unknown,Unknown,No,0
Unknown,Unknown,Unknown,Unknown,Unknown,No,0
Unknown,Unknown,Unknown,Unknown,Unknown,No,0
Unknown,4.5 out of 5 stars,Unknown,Unknown,Unknown,No,0
Unknown,4.5 out of 5 stars,Unknown,Unknown,Unknown,No,0
Unknown,Unknown,Unknown,Unknown,Unknown,No,0
Ankit Mehta,5.0 out of 5 stars,Unknown,Unknown,Unknown,No,0
Ankit Mehta,5.0 out of 5 stars,Unknown,Unknown,Unknown,No,0
Unknown,Unknown,Unknown,Unknown,Unknown,No,0
Unknown,Unknown,Unknown,Unknown,Unknown,No,0
Prateek,5.0 out of 5 stars,"5.0 out of 5 stars
Iphone","It‚Äôs believed iPhone 15 is way everyone is looking,  people buy for enjoyment, but standard is something we wants, iPhones with standard person can win this",Reviewed in India on 19 January 2025,Verified Purchase,5 people found this helpful
Prateek,5.0 out of 5 stars,"5.0 out of 5 stars
Iphone","It‚Äôs believed iPhone 15 is way everyone is looking,  people buy for enjoyment, but standard is something we wants, iPhones with standard person can win this",Reviewed in India on 19 January 2025,Verified Purchase,0
Vadiraj Katti,5.0 out of 5 stars,"5.0 out of 5 stars
Great choice",Excellent phone. Value for money.,Reviewed in India on 19 January 2025,Verified Purchase,0
Placeholder,1.0 out of 5 stars,"1.0 out of 5 stars
Over hyped","It's overhyped, only good thing about this phone is battery backup and design, rest useless.. pixel phones are far better than this.",Reviewed in India on 18 January 2025,Verified Purchase,0
Syed siddiq,4.0 out of 5 stars,"4.0 out of 5 stars
iPhone 15 128 2024 dec manufacture","I bought for 52,499 rs with exchanging my oneoplus nord CE 2 5g phone the price of iPhone 15 when I purchase is 57‚Äô499 rs I got 5000 exchange value . I am writing this review after 4 days Camera : 5/4 Speaker : 5/5 battery : 5/4 build quality : 5/5 Performance: 5/4.5 . Charger bought for 1399rs with phone paid extra 240 rs for express delivery in Flipkart gadgets are free of cost express delivery also they do open box delivery but Amazon doesn‚Äôt have open box delivery change ur system .",Reviewed in India on 18 January 2025,Verified Purchase,5 people found this helpful
rajesh,5.0 out of 5 stars,"5.0 out of 5 stars
Super",Excellent,Reviewed in India on 17 January 2025,Verified Purchase,0
abdhesh singh,5.0 out of 5 stars,"5.0 out of 5 stars
Nice phone",Nice phone,Reviewed in India on 17 January 2025,Verified Purchase,0
Baljeet Singh,5.0 out of 5 stars,"5.0 out of 5 stars
Maza aa gya üëçüëçüëç",Best performance best smoothness best screen size,Reviewed in India on 17 January 2025,Verified Purchase,0
Komal,4.0 out of 5 stars,"4.0 out of 5 stars
Jusstttt awesome üëçüéÄ..",The media could not be loaded.,Reviewed in India on 16 January 2025,Verified Purchase,3 people found this helpful
Abhishek Sahoo,5.0 out of 5 stars,"5.0 out of 5 stars
Wow","I used 13 and 14 plus then i shifted to iPhone 15 rather than 16. I don‚Äôt like the look of 16 much , And i took the best decision.The look is great and the user experience is awesome. As Apple is the best when it comes to smartphone.",Reviewed in India on 16 January 2025,Verified Purchase,0
Jagrati Gupta,1.0 out of 5 stars,"1.0 out of 5 stars
Mobile exchange difficulty","The exchange company shows a particular value for accepting old mobiles, but at the time of exchange, they point out issues like 'this is not right' or 'that is not right.' The company should only display a value that they actually intend to offer for the exchange. Instead, they demand extra money, and I end up paying more. Just waste of time and hard earned moneyüëéüèºüëéüèºüëéüèº",Reviewed in India on 16 January 2025,Verified Purchase,0
Unknown,Unknown,Unknown,Unknown,Unknown,No,0
Unknown,Unknown,Unknown,Unknown,Unknown,No,0
Unknown,Unknown,Unknown,Unknown,Unknown,No,0
Unknown,Previous set of slides,Unknown,Unknown,Unknown,No,0
Unknown,Previous set of slides,Unknown,Unknown,Unknown,No,0
Unknown,Unknown,Unknown,Unknown,Unknown,No,0
Unknown,Unknown,Unknown,Unknown,Unknown,No,0
Unknown,4.5 out of 5 stars,Unknown,Unknown,Unknown,No,0
Unknown,4.5 out of 5 stars,Unknown,Unknown,Unknown,No,0
Unknown,Unknown,Unknown,Unknown,Unknown,No,0
Ankit Mehta,5.0 out of 5 stars,Unknown,Unknown,Unknown,No,0
Ankit Mehta,5.0 out of 5 stars,Unknown,Unknown,Unknown,No,0
Unknown,Unknown,Unknown,Unknown,Unknown,No,0
Unknown,Unknown,Unknown,Unknown,Unknown,No,0
Aditya,4.0 out of 5 stars,"4.0 out of 5 stars
Good",Great camera. Amazon delivered it faster than we expected. No other issues found. The offer for which we got this was great.,Reviewed in India on 16 January 2025,Verified Purchase,2 people found this helpful
Aditya,4.0 out of 5 stars,"4.0 out of 5 stars
Good",Great camera. Amazon delivered it faster than we expected. No other issues found. The offer for which we got this was great.,Reviewed in India on 16 January 2025,No,0
Prashant Kothari,4.0 out of 5 stars,"4.0 out of 5 stars
I phn","Next day delivery by Amazon ,looks good all over but camera is just okie.",Reviewed in India on 15 January 2025,Verified Purchase,2 people found this helpful
Debabrata Das,1.0 out of 5 stars,"1.0 out of 5 stars
Iphone Quality",Sir please give me iphone 16 I am bored using iphone 13 and can make more films with iphone 16 plis sir plis. Aap mujhe gift karoge toh apka company char chand laga dega purey dharti meüòî,Reviewed in India on 15 January 2025,No,0
Vashu v.,5.0 out of 5 stars,"5.0 out of 5 stars
Excellent",,Reviewed in India on 15 January 2025,No,0
PRITHWI,1.0 out of 5 stars,"1.0 out of 5 stars
Waste of money",Waste of money. Phone is quite not upgrade as per current standard,Reviewed in India on 15 January 2025,Verified Purchase,0
Gaurav,3.0 out of 5 stars,"3.0 out of 5 stars
Rating",Camera 3/5Features 3/5Displays 5/5 bestestHardware 5/5Look 5/5Battery 4/5Sound 5/5App 5/5Voice recording 3/5Connectivity 4/5,Reviewed in India on 15 January 2025,No,0
Ajay Kumar,5.0 out of 5 stars,"5.0 out of 5 stars
Awesome product..value for money.","Awesome stuff at a very affordable rate. Looks are amazing, functions superlative and feel to hold it is, smooooth...GO for it- product.",Reviewed in India on 15 January 2025,Verified Purchase,10 people found this helpful
Vitthal Karale,1.0 out of 5 stars,"1.0 out of 5 stars
Not useful","Worst product, samsung is better than this. The battery dies very soon and also having heating issue. The only good thing apple has done is good marketing instead of working on the product. Spend your money wisely.",Reviewed in India on 14 January 2025,No,One person found this helpful
G MALLIKARJUN,5.0 out of 5 stars,"5.0 out of 5 stars
Nice",I purchased it in Republic Day sale for 55.5 k.Value for money and Amazon delivery is awesome,Reviewed in India on 14 January 2025,Verified Purchase,0
Very nice phone,5.0 out of 5 stars,"5.0 out of 5 stars
Good product",Very nice product,Reviewed in India on 14 January 2025,Verified Purchase,2 people found this helpful
Unknown,Unknown,Unknown,Unknown,Unknown,No,0
Unknown,Unknown,Unknown,Unknown,Unknown,No,0
Unknown,Unknown,Unknown,Unknown,Unknown,No,0
Unknown,Previous set of slides,Unknown,Unknown,Unknown,No,0
Unknown,Previous set of slides,Unknown,Unknown,Unknown,No,0
Unknown,Unknown,Unknown,Unknown,Unknown,No,0
Unknown,Unknown,Unknown,Unknown,Unknown,No,0
Unknown,4.5 out of 5 stars,Unknown,Unknown,Unknown,No,0
Unknown,4.5 out of 5 stars,Unknown,Unknown,Unknown,No,0
Unknown,Unknown,Unknown,Unknown,Unknown,No,0
Ankit Mehta,5.0 out of 5 stars,Unknown,Unknown,Unknown,No,0
Ankit Mehta,5.0 out of 5 stars,Unknown,Unknown,Unknown,No,0
Unknown,Unknown,Unknown,Unknown,Unknown,No,0
Unknown,Unknown,Unknown,Unknown,Unknown,No,0
Pravin B,5.0 out of 5 stars,"5.0 out of 5 stars
Excellent.",Fast Charging.It is very smooth.sound is boost.Its perfomance is excellent.its functions are pour.,Reviewed in India on 11 January 2025,Verified Purchase,17 people found this helpful
Pravin B,5.0 out of 5 stars,"5.0 out of 5 stars
Excellent.",Fast Charging.It is very smooth.sound is boost.Its perfomance is excellent.its functions are pour.,Reviewed in India on 11 January 2025,Verified Purchase,17 people found this helpful
Samantha,5.0 out of 5 stars,"5.0 out of 5 stars
The Iphone received is just superb",The pink iphone 15 has very classic baby pink shade. The phone received is in perfect condition and is working well.Love the phone,Reviewed in India on 11 January 2025,Verified Purchase,11 people found this helpful
Rajeshwari M,5.0 out of 5 stars,"5.0 out of 5 stars
BEST PHONE IN THE WORLD",My dream phone APPLE üçé GOOD PHONE BUT  I AM WRITING REVIEW WITHOUT BUYING PHONE ü§£SIGMA BOY SIGMA BOY SIGMA BOY,Reviewed in India on 10 January 2025,No,One person found this helpful
Divyansh,5.0 out of 5 stars,"5.0 out of 5 stars
üì±ü§≥",Niceüçé,Reviewed in India on 2 January 2025,Verified Purchase,One person found this helpful
Suganya,5.0 out of 5 stars,"5.0 out of 5 stars
Iphone !! Just a wow !",I do not have words to express how I feel after using Iphone. It's outstanding with all the features inbuilt. I really admire the intelligence this phone has. How did I miss such a phone before.,Reviewed in India on 2 January 2025,Verified Purchase,0
Manoj,1.0 out of 5 stars,"1.0 out of 5 stars
Poor performance",Facing overheating and rapid battery draining. Battery lasts for just 2 hrs. Poor quality product received.,Reviewed in India on 1 January 2025,Verified Purchase,2 people found this helpful
Abrna Prabakaran,5.0 out of 5 stars,"5.0 out of 5 stars
Best",Best buy for price,Reviewed in India on 1 January 2025,Verified Purchase,0
Sunny saket,5.0 out of 5 stars,"5.0 out of 5 stars
Value for money",Value for money durability and quality,Reviewed in India on 30 December 2024,Verified Purchase,2 people found this helpful
raju karakavalasa,5.0 out of 5 stars,"5.0 out of 5 stars
Excellent",Value for money for any purpose especially for gamers,Reviewed in India on 29 December 2024,Verified Purchase,One person found this helpful
jamshad ahmed,1.0 out of 5 stars,"1.0 out of 5 stars
Phone is heating while we use cameras",I don‚Äôt know why this phone is heating so much while video calls and when camera is on,Reviewed in India on 28 December 2024,Verified Purchase,2 people found this helpful
Unknown,Unknown,Unknown,Unknown,Unknown,No,0
Unknown,Unknown,Unknown,Unknown,Unknown,No,0
Unknown,Unknown,Unknown,Unknown,Unknown,No,0
Unknown,Previous set of slides,Unknown,Unknown,Unknown,No,0
Unknown,Previous set of slides,Unknown,Unknown,Unknown,No,0
Unknown,Unknown,Unknown,Unknown,Unknown,No,0
Unknown,Unknown,Unknown,Unknown,Unknown,No,0
Unknown,4.5 out of 5 stars,Unknown,Unknown,Unknown,No,0
Unknown,4.5 out of 5 stars,Unknown,Unknown,Unknown,No,0
Unknown,Unknown,Unknown,Unknown,Unknown,No,0
Ankit Mehta,5.0 out of 5 stars,Unknown,Unknown,Unknown,No,0
Ankit Mehta,5.0 out of 5 stars,Unknown,Unknown,Unknown,No,0
Unknown,Unknown,Unknown,Unknown,Unknown,No,0
Unknown,Unknown,Unknown,Unknown,Unknown,No,0
Wanderer,1.0 out of 5 stars,"1.0 out of 5 stars
Pathetic Amazon delivery agents",Incompetent delivery person's. First day of delivery sent msg that customer was not available. Second day the delivery agent was not able to perform tests on phone being exchanged and skipped all tests which led to the exchange value decreasing to 1/5 th of initial value. Pathetic. This is the second time it's happening with me while purchasing with Amazon. Customers have brought Amazon to top now customers will only bring it down if such unprofessionalism continues.,Reviewed in India on 28 December 2024,Verified Purchase,One person found this helpful
Wanderer,1.0 out of 5 stars,"1.0 out of 5 stars
Pathetic Amazon delivery agents",Incompetent delivery person's. First day of delivery sent msg that customer was not available. Second day the delivery agent was not able to perform tests on phone being exchanged and skipped all tests which led to the exchange value decreasing to 1/5 th of initial value. Pathetic. This is the second time it's happening with me while purchasing with Amazon. Customers have brought Amazon to top now customers will only bring it down if such unprofessionalism continues.,Reviewed in India on 28 December 2024,No,One person found this helpful
nishant p.,3.0 out of 5 stars,"3.0 out of 5 stars
Awareness","Rates of iphone 15 came down around 10k less of its original price ,but still amazon fulfills its customers by giving discounts on 86k offered with 76k .Great monopoly of amazon to attract it‚Äôs customers.",Reviewed in India on 27 December 2024,No,0
Sanath,1.0 out of 5 stars,"1.0 out of 5 stars
Worst phone condition","The phone was damaged internally. The face id didn't work, the front and rear camera didn't work.Worst of all amazon and apple said they won't replace the phone.",Reviewed in India on 26 December 2024,Verified Purchase,3 people found this helpful
Telltale,4.0 out of 5 stars,"4.0 out of 5 stars
Disappointed with its overheating","This purchase seemed a sensible upgrade but it‚Äôs surprising and disappointing that it‚Äôs found to overheat while charging.  I‚Äôm using Apple chargers, always have.  This is not expected from an iPhone.  Found this is a common concern from the Net, too late now.",Reviewed in India on 24 December 2024,Verified Purchase,0
Biju KC,1.0 out of 5 stars,"1.0 out of 5 stars
Looks very ordinary",Lag and heating issue..,Reviewed in India on 22 December 2024,Verified Purchase,0
SANDEEP SINGH,5.0 out of 5 stars,"5.0 out of 5 stars
I phone 15",Nice phone,Reviewed in India on 22 December 2024,Verified Purchase,0
Raj,5.0 out of 5 stars,"5.0 out of 5 stars
Love it",Recommended,Reviewed in India on 21 December 2024,Verified Purchase,0
Amazon Customer,1.0 out of 5 stars,"1.0 out of 5 stars
Do not buy IPhones from Amazon","DO NOT BUY IPHONES FROM AMAZON.If your decide turn out good, no issues but if your device comes out with any issues, be a manufacturing defect, like in my case, both Amazon and Apple will refuse to replace. Apple has a policy where it will not replace a bought from Amazon or a reseller and it will only repair. Amazon will ask for a denial certificate, issue by Apple to replace, which you will never get from Apple. This is sham, run by both of them together, where they now you run pillar to post, with no solution. A 4 day old phone with dead pixels (green dot in the picture)and both amazon and Apple won‚Äôt agree to replace. Amazon‚Äôs return policy, saying replacement within 7 days at Apple service center is a White lie. Extremely traumatic experience. Never buy an Apple device from amazon again.",Reviewed in India on 20 December 2024,Verified Purchase,45 people found this helpful
Neiphrezo,5.0 out of 5 stars,"5.0 out of 5 stars
Good",Good,Reviewed in India on 20 December 2024,Verified Purchase,0
Avdhesh,3.0 out of 5 stars,"3.0 out of 5 stars
Price",Mehenga hai,Reviewed in India on 18 December 2024,Verified Purchase,One person found this helpful
Unknown,Unknown,Unknown,Unknown,Unknown,No,0
Unknown,Unknown,Unknown,Unknown,Unknown,No,0
Unknown,Unknown,Unknown,Unknown,Unknown,No,0
Unknown,Previous set of slides,Unknown,Unknown,Unknown,No,0
Unknown,Previous set of slides,Unknown,Unknown,Unknown,No,0
Unknown,Unknown,Unknown,Unknown,Unknown,No,0
Unknown,Unknown,Unknown,Unknown,Unknown,No,0
Unknown,4.5 out of 5 stars,Unknown,Unknown,Unknown,No,0
Unknown,4.5 out of 5 stars,Unknown,Unknown,Unknown,No,0
Unknown,Unknown,Unknown,Unknown,Unknown,No,0
Ankit Mehta,5.0 out of 5 stars,Unknown,Unknown,Unknown,No,0
Ankit Mehta,5.0 out of 5 stars,Unknown,Unknown,Unknown,No,0
Unknown,Unknown,Unknown,Unknown,Unknown,No,0
Unknown,Unknown,Unknown,Unknown,Unknown,No,0
SUDHAKAR,5.0 out of 5 stars,"5.0 out of 5 stars
Excellent Packing","The Seller and Amazon fulfilled their promise from packing to the hassle free exchange. The delivery agent opened the package and seal in front of me. I am completely satisfied with the product and it is working awesome. Though it is 15 series while everyone has 16 pro or max, I still feel it a premium piece in my hand.",Reviewed in India on 17 December 2024,Verified Purchase,8 people found this helpful
SUDHAKAR,5.0 out of 5 stars,"5.0 out of 5 stars
Excellent Packing","The Seller and Amazon fulfilled their promise from packing to the hassle free exchange. The delivery agent opened the package and seal in front of me. I am completely satisfied with the product and it is working awesome. Though it is 15 series while everyone has 16 pro or max, I still feel it a premium piece in my hand.",Reviewed in India on 17 December 2024,Verified Purchase,8 people found this helpful
Raghu Raman r,5.0 out of 5 stars,"5.0 out of 5 stars
Super",No words to tell great üòÉ,Reviewed in India on 17 December 2024,Verified Purchase,0
anil mahajan,4.0 out of 5 stars,"4.0 out of 5 stars
Apple product always good",Apple product at best price,Reviewed in India on 10 December 2024,Verified Purchase,One person found this helpful
Bora Bhai,3.0 out of 5 stars,"3.0 out of 5 stars
Good phone but bad exchange policy",Phone is absolutely beautiful but the exchange policy is too bad... Their Rabbit app is fraud.,Reviewed in India on 8 December 2024,Verified Purchase,5 people found this helpful
Nisar khan,1.0 out of 5 stars,"1.0 out of 5 stars
Defective Iphone 15 sent",The iphone 15 delivered to me is not charging and was a defective one.. It was not switching on.. Avoid the product and Avoid the Seller as no one responded..,Reviewed in India on 6 December 2024,Verified Purchase,4 people found this helpful
Ashutosh,5.0 out of 5 stars,"5.0 out of 5 stars
Good product",Good product and amazon delivered product on time,Reviewed in India on 3 December 2024,Verified Purchase,0
Shiv Sharan,5.0 out of 5 stars,"5.0 out of 5 stars
Great Phone",Loved the camera,Reviewed in India on 29 November 2024,Verified Purchase,0
Yasashvi Prasad,3.0 out of 5 stars,"3.0 out of 5 stars
iPhone is good but cable inside today it not working","I have bought phone just 6 month before, iPhone 15 cable inside box is not taking charge but type c cable of other phone Iam using it taking charge",Reviewed in India on 28 November 2024,Verified Purchase,3 people found this helpful
Sumit Joshi,5.0 out of 5 stars,"5.0 out of 5 stars
Trusted Delivery From Amazon",As expected delivered the product safely and no fraud done like Flipkart. The product is working great with awesome video recording and smooth software experience,Reviewed in India on 26 November 2024,Verified Purchase,0
D. Chattopadhya,5.0 out of 5 stars,"5.0 out of 5 stars
Nice phone, and front camera also good.","Battery charge stay nice. Looking good, classic rear camera, nice gripping into Hand .üëå phone features is very good also.",Reviewed in India on 25 November 2024,No,0
Unknown,Unknown,Unknown,Unknown,Unknown,No,0
Unknown,Unknown,Unknown,Unknown,Unknown,No,0
Unknown,Unknown,Unknown,Unknown,Unknown,No,0
Unknown,Previous set of slides,Unknown,Unknown,Unknown,No,0
Unknown,Previous set of slides,Unknown,Unknown,Unknown,No,0
